列1,列2,列3,列4,列5,列6,列7,列8,列9,列10
01143400,苹果,IPhone,2G,0,0,0,0,0,0
13579024,美菱,ML518,2G,0,0,0,0,0,0
13579024,美菱,ML518,2G,0,0,0,0,0,0
13579024,美菱,ML518,2G,0,0,0,0,0,0
13579024,美菱,ML518,2G,0,0,0,0,0,0
13579024,美菱,ML518,2G,0,0,0,0,0,0
13579024,美菱,ML518,2G,0,0,0,0,0,0
13579024,美菱,ML518,2G,0,0,0,0,0,0
13579024,美菱,ML518,2G,0,0,0,0,0,0
13579024,美菱,ML518,2G,0,0,0,0,0,0
13579024,美菱,ML518,2G,0,0,0,0,0,0
13579024,美菱,ML518,2G,0,0,0,0,0,0
13579024,美菱,ML518,2G,0,0,0,0,0,0
13579024,美菱,ML518,2G,0,0,0,0,0,0
13579024,美菱,ML518,2G,0,0,0,0,0,0
13579024,美菱,ML518,2G,0,0,0,0,0,0
13579024,美菱,ML518,2G,0,0,0,0,0,0
13579024,美菱,ML518,2G,0,0,0,0,0,0
13579024,美菱,ML518,2G,0,0,0,0,0,0
13579024,美菱,ML518,2G,0,0,0,0,0,0
13579024,美菱,ML518,2G,0,0,0,0,0,0
13579024,美菱,ML518,2G,0,0,0,0,0,0
13579024,美菱,ML518,2G,0,0,0,0,0,0
13579024,美菱,ML518,2G,0,0,0,0,0,0
13579024,美菱,ML518,2G,0,0,0,0,0,0
13579024,美菱,ML518,2G,0,0,0,0,0,0
13579024,美菱,ML518,2G,0,0,0,0,0,0
13579024,美菱,ML518,2G,0,0,0,0,0,0
13579024,美菱,ML518,2G,0,0,0,0,0,0
13579024,美菱,ML518,2G,0,0,0,0,0,0
13579024,美菱,ML518,2G,0,0,0,0,0,0
13579024,美菱,ML518,2G,0,0,0,0,0,0
13579024,美菱,ML518,2G,0,0,0,0,0,0
13579024,美菱,ML518,2G,0,0,0,0,0,0
13579024,美菱,ML518,2G,0,0,0,0,0,0
13579024,美菱,ML518,2G,0,0,0,0,0,0
13579024,美菱,ML518,2G,0,0,0,0,0,0
13579024,美菱,ML518,2G,0,0,0,0,0,0
13579024,美菱,ML518,2G,0,0,0,0,0,0
13579024,美菱,ML518,2G,0,0,0,0,0,0
13579024,美菱,ML518,2G,0,0,0,0,0,0
13579024,美菱,ML518,2G,0,0,0,0,0,0
13579024,美菱,ML518,2G,0,0,0,0,0,0
13579024,美菱,ML518,2G,0,0,0,0,0,0
13579024,美菱,ML518,2G,0,0,0,0,0,0
13579024,美菱,ML518,2G,0,0,0,0,0,0
13579024,美菱,ML518,2G,0,0,0,0,0,0
13579024,美菱,ML518,2G,0,0,0,0,0,0
13579024,美菱,ML518,2G,0,0,0,0,0,0
13579024,美菱,ML518,2G,0,0,0,0,0,0
13579024,美菱,ML518,2G,0,0,0,0,0,0
13579024,美菱,ML518,2G,0,0,0,0,0,0
13579024,美菱,ML518,2G,0,0,0,0,0,0
13579024,美菱,ML518,2G,0,0,0,0,0,0
13579024,美菱,ML518,2G,0,0,0,0,0,0
13579024,美菱,ML518,2G,0,0,0,0,0,0
13579024,美菱,ML518,2G,0,0,0,0,0,0
13579024,美菱,ML518,2G,0,0,0,0,0,0
13579024,美菱,ML518,2G,0,0,0,0,0,0
13579024,美菱,ML518,2G,0,0,0,0,0,0
13579024,美菱,ML518,2G,0,0,0,0,0,0
13579024,美菱,ML518,2G,0,0,0,0,0,0
13579024,美菱,ML518,2G,0,0,0,0,0,0
13579024,美菱,ML518,2G,0,0,0,0,0,0
13579024,美菱,ML518,2G,0,0,0,0,0,0
13579024,美菱,ML518,2G,0,0,0,0,0,0
13579024,美菱,ML518,2G,0,0,0,0,0,0
13579024,美菱,ML518,2G,0,0,0,0,0,0
13579024,美菱,ML518,2G,0,0,0,0,0,0
13579024,美菱,ML518,2G,0,0,0,0,0,0
13579024,美菱,ML518,2G,0,0,0,0,0,0
13579024,美菱,ML518,2G,0,0,0,0,0,0
13579024,美菱,ML518,2G,0,0,0,0,0,0
13579024,美菱,ML518,2G,0,0,0,0,0,0
13579024,美菱,ML518,2G,0,0,0,0,0,0
13579024,美菱,ML518,2G,0,0,0,0,0,0
13579024,美菱,ML518,2G,0,0,0,0,0,0
13579024,美菱,ML518,2G,0,0,0,0,0,0
13579024,美菱,ML518,2G,0,0,0,0,0,0
13579024,美菱,ML518,2G,0,0,0,0,0,0
13579024,美菱,ML518,2G,0,0,0,0,0,0
13579024,美菱,ML518,2G,0,0,0,0,0,0
13579024,美菱,ML518,2G,0,0,0,0,0,0
13579024,美菱,ML518,2G,0,0,0,0,0,0
13579024,美菱,ML518,2G,0,0,0,0,0,0
13579024,美菱,ML518,2G,0,0,0,0,0,0
13579024,美菱,ML518,2G,0,0,0,0,0,0
13579024,美菱,ML518,2G,0,0,0,0,0,0
13579024,美菱,ML518,2G,0,0,0,0,0,0
13579024,美菱,ML518,2G,0,0,0,0,0,0
13579024,美菱,ML518,2G,0,0,0,0,0,0
13579024,美菱,ML518,2G,0,0,0,0,0,0
13579024,美菱,ML518,2G,0,0,0,0,0,0
13579024,美菱,ML518,2G,0,0,0,0,0,0
13579024,美菱,ML518,2G,0,0,0,0,0,0
13579024,美菱,ML518,2G,0,0,0,0,0,0
33219070,阿尔卡特,OT700,2G,0,0,0,0,0,0
33219070,阿尔卡特,OT700,2G,0,0,0,0,0,0
35007780,西门子,S40,2G,0,0,0,0,0,0
35030299,三星,SGH-A400,2G,0,0,0,0,0,0
35060080,诺基亚,3330,2G,0,0,0,0,0,0
35063831,"摩托罗拉	T190",2G,0,0,0,0,0,0,
35065181,"摩托罗拉	C289",2G,0,0,0,0,0,0,
35065280,"摩托罗拉	V998++",2G,0,0,0,0,0,0,
35070800,萨基姆,MY3022,2G,0,0,0,0,0,0
35080800,三星,SGH-T108,2G,0,0,0,0,0,0
35080998,松下,EB-GD75,2G,0,0,0,0,0,0
35082807,联想,G678,2G,0,0,0,0,0,0
35095108,三星,SGH-T108,2G,0,0,0,0,0,0
35100102,联想Xo中电通信o(,Forte3,2G,0,0,0,0,0,0
35118100,金鹏,E1181,2G,0,0,0,0,0,0
35128800,厦新,夏新 A6+,2G,0,0,0,0,0,0
35134840,诺基亚,8310,2G,0,0,0,0,0,0
35152400,诺基亚,2100,2G,0,0,0,0,0,0
35152402,中宝,CBT-P355,2G,0,0,0,0,0,0
35152501,索尼爱立信,T618,2G,0,0,0,0,0,0
35152501,索尼爱立信,T618,2G,0,0,0,0,0,0
35152501,索尼爱立信,T618,2G,0,0,0,0,0,0
35152501,索尼爱立信,T618,2G,0,0,0,0,0,0
35152702,中宝,CBT-P738,2G,0,0,0,0,0,0
35152801,"摩托罗拉	C118",2G,0,0,0,0,0,0,
35152801,"摩托罗拉	C118",2G,0,0,0,0,0,0,
35153501,"摩托罗拉	E680g",2G,0,0,0,0,0,0,
35154200,诺基亚,N8250,2G,0,0,0,0,0,0
35154303,奥乐,AOLE 978,2G,0,0,0,0,0,0
35154401,"摩托罗拉	MOTOROK",2G,0,0,0,0,0,0,
35155102,海尔,HG-V70,2G,0,0,0,0,0,0
35156401,"科健	ZY148",2G,0,0,0,0,0,0,
35157601,桑菲,SED Y500,2G,0,0,0,0,0,0
35158602,侨兴,CECT C10,2G,0,0,0,0,0,0
35158610,诺基亚,6111,2G,0,0,0,0,0,0
35160002,天宇朗通,K-Touch,2G,0,0,0,0,0,0
35160002,天宇朗通,K-Touch,2G,0,0,0,0,0,0
35160002,天宇朗通,K-Touch,2G,0,0,0,0,0,0
35160002,天宇朗通,K-Touch,2G,0,0,0,0,0,0
35160202,天宇朗通,K-Touch,2G,0,0,0,0,0,0
35160202,天宇朗通,K-Touch,2G,0,0,0,0,0,0
35160303,"屹东	HT6128",2G,0,0,0,0,0,0,
35160903,宝捷讯,Basicom,2G,0,0,0,0,0,0
35161602,联想,E212,2G,0,0,0,0,0,0
35162801,大显,X518,2G,0,0,0,0,0,0
35162801,大显,X518,2G,0,0,0,0,0,0
35162903,"屹东	HT6308",2G,0,0,0,0,0,0,
35163201,天宇朗通,B822,2G,0,0,0,0,0,0
35163801,天宇朗通,B832,2G,0,0,0,0,0,0
35164001,天宇朗通,B835,2G,0,0,0,0,0,0
35164300,桑菲,Philips,2G,0,0,0,0,0,0
35164800,中电,Q500,2G,0,0,0,0,0,0
35166302,高通,GT Q-618,2G,0,0,0,0,0,0
35168102,众一,D700B,2G,0,0,0,0,0,0
35168103,港利通,KPT K698,2G,0,0,0,0,0,0
35168103,港利通,KPT K698,2G,0,0,0,0,0,0
35168702,埃立特,EIT8088,2G,0,0,0,0,0,0
35170402,新中桥,A2008,2G,0,0,0,0,0,0
35171302,厦新,夏新 M60,2G,0,0,0,0,0,0
35171402,联想,Lenovo S,2G,0,0,0,0,0,0
35172500,中电,C600,2G,0,0,0,0,0,0
35172500,中电,C600,2G,0,0,0,0,0,0
35172500,中电,C600,2G,0,0,0,0,0,0
35173303,汇讯,Widetel,2G,0,0,0,0,0,0
35173802,"创维	Skyworth　T",2G,0,0,0,0,0,0,
35175402,友利通,UNC-F862,2G,0,0,0,0,0,0
35175402,友利通,UNC-F862,2G,0,0,0,0,0,0
35182602,三星,SGH-M128,2G,0,0,0,0,0,0
35186701,诺基亚,1600,2G,0,0,0,0,0,0
35186701,诺基亚,1600,2G,0,0,0,0,0,0
35186701,诺基亚,1600,2G,0,0,0,0,0,0
35187701,诺基亚,1110,2G,0,0,0,0,0,0
35188901,诺基亚,7373,2G,0,0,0,0,0,0
35189501,诺基亚,E50,2G,0,0,0,0,0,0
35189901,诺基亚,7260,2G,0,0,0,0,0,0
35190302,飞利浦,P198,2G,0,0,0,0,0,0
35190303,埃立特,FN5828,2G,0,0,0,0,0,0
35192003,宝捷讯,Basicom,2G,0,0,0,0,0,0
35192201,多普达,686,2G,0,0,0,0,0,0
35192500,三星,SGH-S508,2G,0,0,0,0,0,0
35193103,诺基亚,1208,2G,0,0,0,0,0,0
35194002,高新奇,GXQ M698,2G,0,0,0,0,0,0
35195103,诺基亚,2322c,2G,0,0,0,0,0,0
35195103,诺基亚,2322c,2G,0,0,0,0,0,0
35195601,"摩托罗拉	V3",2G,0,0,0,0,0,0,
35195601,"摩托罗拉	V3",2G,0,0,0,0,0,0,
35196601,"摩托罗拉	K1",2G,0,0,0,0,0,0,
35196901,"摩托罗拉	C139",2G,0,0,0,0,0,0,
35196901,"摩托罗拉	C139",2G,0,0,0,0,0,0,
35197002,金鹏,S8008,2G,0,0,0,0,0,0
35197802,飞利浦,9@9q,2G,0,0,0,0,0,0
35199602,高通,GT Q-718,2G,0,0,0,0,0,0
35200102,大显,X989,2G,0,0,0,0,0,0
35200102,大显,X989,2G,0,0,0,0,0,0
35203402,诺基亚,1116,2G,0,0,0,0,0,0
35203502,诺基亚,1116,2G,0,0,0,0,0,0
35203502,诺基亚,1116,2G,0,0,0,0,0,0
35204702,诺基亚,3110,2G,0,0,0,0,0,0
35205502,诺基亚,2610,2G,0,0,0,0,0,0
35207200,南方高科,S283,2G,0,0,0,0,0,0
35207901,索尼爱立信,W300c,2G,0,0,0,0,0,0
35208102,万利达,MT156,2G,0,0,0,0,0,0
35208800,厦新,夏新 DA8,2G,0,0,0,0,0,0
35209902,三星,SGH-CC01,2G,0,0,0,0,0,0
35209902,三星,SGH-CC01,2G,0,0,0,0,0,0
35210801,中天,ZT529,2G,0,0,0,0,0,0
35211602,长虹,Changhon,2G,0,0,0,0,0,0
35212901,三星,SGH-X828,2G,0,0,0,0,0,0
35214102,金鹏,A5899,2G,0,0,0,0,0,0
35214501,联想,E368,2G,0,0,0,0,0,0
35215302,大显,DX688,2G,0,0,0,0,0,0
35215302,大显,DX688,2G,0,0,0,0,0,0
35215602,欧珀,OPPO A10,2G,0,0,0,0,0,0
35216702,大显,DX88,2G,0,0,0,0,0,0
35219901,"屹东	D1838",2G,0,0,0,0,0,0,
35220200,"科健	K608",2G,0,0,0,0,0,0,
35221501,波导,D760,2G,0,0,0,0,0,0
35221802,华录,HL-C2800,2G,0,0,0,0,0,0
35221802,华录,HL-C2800,2G,0,0,0,0,0,0
35221802,华录,HL-C2800,2G,0,0,0,0,0,0
35221802,华录,HL-C2800,2G,0,0,0,0,0,0
35221802,华录,HL-C2800,2G,0,0,0,0,0,0
35221802,华录,HL-C2800,2G,0,0,0,0,0,0
35223403,随州波导,SHMA D58,2G,0,0,0,0,0,0
35223903,金鹏,A7819,2G,0,0,0,0,0,0
35224201,"摩托罗拉	V3i",2G,0,0,0,0,0,0,
35227903,"摩托罗拉	MOTOROK",2G,0,0,0,0,0,0,
35228901,诺基亚,1110,2G,0,0,0,0,0,0
35232401,三星,SGH-X688,2G,0,0,0,0,0,0
35234402,天歌,TG F921,2G,0,0,0,0,0,0
35234602,三星,SGH-B108,2G,0,0,0,0,0,0
35234602,三星,SGH-B108,2G,0,0,0,0,0,0
35234602,三星,SGH-B108,2G,0,0,0,0,0,0
35236602,普莱达,D1098,2G,0,0,0,0,0,0
35237703,三星,GT-C3050,2G,0,0,0,0,0,0
35237902,大显,X9600,2G,0,0,0,0,0,0
35238801,友利通,UNC-A100,2G,0,0,0,0,0,0
35240900,中天,ZT8191,2G,0,0,0,0,0,0
35240900,中天,ZT8191,2G,0,0,0,0,0,0
35240900,中天,ZT8191,2G,0,0,0,0,0,0
35240900,中天,ZT8191,2G,0,0,0,0,0,0
35240901,中天,ZT8191,2G,0,0,0,0,0,0
35242902,新中桥,B290,2G,0,0,0,0,0,0
35245101,波导,S663,2G,0,0,0,0,0,0
35245101,波导,S663,2G,0,0,0,0,0,0
35245803,波导,Bird K50,2G,0,0,0,0,0,0
35250802,港利通,KP288,2G,0,0,0,0,0,0
35250902,港利通,KP585,2G,0,0,0,0,0,0
35252102,天歌,TG F612,2G,0,0,0,0,0,0
35252401,"摩托罗拉	A1200",2G,0,0,0,0,0,0,
35252702,天宇朗通,K-Touch,2G,0,0,0,0,0,0
35252702,天宇朗通,K-Touch,2G,0,0,0,0,0,0
35252802,高通,GT MD990,2G,0,0,0,0,0,0
35256100,中电,T520,2G,0,0,0,0,0,0
35257800,波导,S1180,2G,0,0,0,0,0,0
35260203,波导,Bird S16,2G,0,0,0,0,0,0
35261001,康佳,康佳 D26,2G,0,0,0,0,0,0
35261001,康佳,康佳 D26,2G,0,0,0,0,0,0
35261203,宇阳,EY E300,2G,0,0,0,0,0,0
35262001,康佳,康佳 C67,2G,0,0,0,0,0,0
35262502,金鹏,S4177,2G,0,0,0,0,0,0
35262502,金鹏,S4177,2G,0,0,0,0,0,0
35262502,金鹏,S4177,2G,0,0,0,0,0,0
35264903,康佳,康佳 K10,2G,0,0,0,0,0,0
35267601,三星,SGH-E388,2G,0,0,0,0,0,0
35273701,诺基亚,3220,2G,0,0,0,0,0,0
35273802,双侨,H331,2G,0,0,0,0,0,0
35274702,华唐,VT-V18,2G,0,0,0,0,0,0
35275401,诺基亚,6030,2G,0,0,0,0,0,0
35275901,诺基亚,N73,2G,0,0,0,0,0,0
35275902,联想,P609,2G,0,0,0,0,0,0
35276203,高新奇,GXQ M8,2G,0,0,0,0,0,0
35276400,桑菲,Xenium 9,2G,0,0,0,0,0,0
35277201,诺基亚,5300,2G,0,0,0,0,0,0
35279403,"国乾	GQ989",2G,0,0,0,0,0,0,
35279801,金鹏,S2116,2G,0,0,0,0,0,0
35279801,金鹏,S2116,2G,0,0,0,0,0,0
35281302,联想,P790,2G,0,0,0,0,0,0
35285902,金鹏,E2169,2G,0,0,0,0,0,0
35285902,金鹏,E2169,2G,0,0,0,0,0,0
35285902,金鹏,E2169,2G,0,0,0,0,0,0
35289002,金鹏,E2522,2G,0,0,0,0,0,0
35289602,敏讯,GT1000,2G,0,0,0,0,0,0
35289602,敏讯,GT1000,2G,0,0,0,0,0,0
35291202,诺基亚,1650,2G,0,0,0,0,0,0
35291202,诺基亚,1650,2G,0,0,0,0,0,0
35291202,诺基亚,1650,2G,0,0,0,0,0,0
35291702,诺基亚,1112,2G,0,0,0,0,0,0
35291702,诺基亚,1112,2G,0,0,0,0,0,0
35292101,天宇朗通,B860,2G,0,0,0,0,0,0
35292301,天宇朗通,B880,2G,0,0,0,0,0,0
35292601,天宇朗通,S611,2G,0,0,0,0,0,0
35293603,奥乐,AOLE 628,2G,0,0,0,0,0,0
35293700,诺基亚,3100,2G,0,0,0,0,0,0
35293902,诺基亚,6300,2G,0,0,0,0,0,0
35294702,诺基亚,N70,2G,0,0,0,0,0,0
35297400,诺基亚,3100,2G,0,0,0,0,0,0
35299802,友信达,UNISTAR,2G,0,0,0,0,0,0
35300602,三星,SGH-CC03,2G,0,0,0,0,0,0
35300602,三星,SGH-CC03,2G,0,0,0,0,0,0
35300602,三星,SGH-CC03,2G,0,0,0,0,0,0
35301901,"摩托罗拉	V3",2G,0,0,0,0,0,0,
35302803,诺基亚,6030,2G,0,0,0,0,0,0
35302902,三星,SGH-L258,2G,0,0,0,0,0,0
35307001,三星,SCH-W579,2G,0,0,0,0,0,0
35307900,国威,ZTC 868,2G,0,0,0,0,0,0
35307900,国威,ZTC 868,2G,0,0,0,0,0,0
35307900,国威,ZTC 868,2G,0,0,0,0,0,0
35308801,天时达,A501D,2G,0,0,0,0,0,0
35308902,诺基亚,N72,2G,0,0,0,0,0,0
35309602,诺基亚,5200,2G,0,0,0,0,0,0
35309602,诺基亚,5200,2G,0,0,0,0,0,0
35309702,诺基亚,2610,2G,0,0,0,0,0,0
35309802,诺基亚,2610,2G,0,0,0,0,0,0
35310002,诺基亚,5000,2G,0,0,0,0,0,0
35311000,"摩托罗拉	V220",2G,0,0,0,0,0,0,
35312202,诺基亚,2600,2G,0,0,0,0,0,0
35315701,"金立	金立 V707",2G,0,0,0,0,0,0,
35317803,诺基亚,1681c,2G,0,0,0,0,0,0
35317803,诺基亚,1681c,2G,0,0,0,0,0,0
35320103,诺基亚,1681c,2G,0,0,0,0,0,0
35320103,诺基亚,1681c,2G,0,0,0,0,0,0
35320103,诺基亚,1681c,2G,0,0,0,0,0,0
35320103,诺基亚,1681c,2G,0,0,0,0,0,0
35320802,三星,SGH-U708,2G,0,0,0,0,0,0
35321503,诺基亚,6300,2G,0,0,0,0,0,0
35321880,金鹏,E2188,2G,0,0,0,0,0,0
35323601,诺基亚,7360,2G,0,0,0,0,0,0
35323601,诺基亚,7360,2G,0,0,0,0,0,0
35323601,诺基亚,7360,2G,0,0,0,0,0,0
35323601,诺基亚,7360,2G,0,0,0,0,0,0
35323601,诺基亚,7360,2G,0,0,0,0,0,0
35324002,海尔,HG-V76,2G,0,0,0,0,0,0
35324501,诺基亚,3250,2G,0,0,0,0,0,0
35324501,诺基亚,3250,2G,0,0,0,0,0,0
35325301,诺基亚,1112,2G,0,0,0,0,0,0
35325301,诺基亚,1112,2G,0,0,0,0,0,0
35326501,诺基亚,1600,2G,0,0,0,0,0,0
35326501,诺基亚,1600,2G,0,0,0,0,0,0
35330003,高科时代,GK899,2G,0,0,0,0,0,0
35331302,三星,I458,2G,0,0,0,0,0,0
35332402,海尔,HG-V72,2G,0,0,0,0,0,0
35332402,海尔,HG-V72,2G,0,0,0,0,0,0
35332500,波导,S1180C,2G,0,0,0,0,0,0
35332501,大显,X768,2G,0,0,0,0,0,0
35332501,大显,X768,2G,0,0,0,0,0,0
35332800,中电,T688,2G,0,0,0,0,0,0
35332802,大显,X786,2G,0,0,0,0,0,0
35333702,波导,Bird D71,2G,0,0,0,0,0,0
35333702,波导,Bird D71,2G,0,0,0,0,0,0
35334801,联想,P708,2G,0,0,0,0,0,0
35336502,金鹏,S3508,2G,0,0,0,0,0,0
35337102,普莱达,D1688,2G,0,0,0,0,0,0
35337102,普莱达,D1688,2G,0,0,0,0,0,0
35337102,普莱达,D1688,2G,0,0,0,0,0,0
35337402,普莱达,D1638,2G,0,0,0,0,0,0
35337901,联想,E200,2G,0,0,0,0,0,0
35338800,诺基亚,7610,2G,0,0,0,0,0,0
35340202,三星,SGH-M628,2G,0,0,0,0,0,0
35340202,三星,SGH-M628,2G,0,0,0,0,0,0
35340202,三星,SGH-M628,2G,0,0,0,0,0,0
35343201,金鹏,S1388,2G,0,0,0,0,0,0
35345201,三星,SGH-E258,2G,0,0,0,0,0,0
35345201,三星,SGH-E258,2G,0,0,0,0,0,0
35347002,中宝,CBT-P926,2G,0,0,0,0,0,0
35347302,大显,X8000,2G,0,0,0,0,0,0
35347703,金鹏,S6688,2G,0,0,0,0,0,0
35348602,金鹏,S3506,2G,0,0,0,0,0,0
35348602,金鹏,S3506,2G,0,0,0,0,0,0
35348602,金鹏,S3506,2G,0,0,0,0,0,0
35348602,金鹏,S3506,2G,0,0,0,0,0,0
35348602,金鹏,S3506,2G,0,0,0,0,0,0
35348602,金鹏,S3506,2G,0,0,0,0,0,0
35348602,金鹏,S3506,2G,0,0,0,0,0,0
35349102,诺基亚,6681,2G,0,0,0,0,0,0
35349103,盛讯达,Lexun A1,2G,0,0,0,0,0,0
35350802,诺基亚,6300,2G,0,0,0,0,0,0
35350802,诺基亚,6300,2G,0,0,0,0,0,0
35350902,诺基亚,3110c,2G,0,0,0,0,0,0
35351200,"摩托罗拉	V300",2G,0,0,0,0,0,0,
35351702,诺基亚,1208,2G,0,0,0,0,0,0
35352002,"摩托罗拉	C350",2G,0,0,0,0,0,0,
35352502,诺基亚,1200,2G,0,0,0,0,0,0
35352602,诺基亚,1200,2G,0,0,0,0,0,0
35352702,诺基亚,1680c,2G,0,0,0,0,0,0
35352702,诺基亚,1680c,2G,0,0,0,0,0,0
35353301,多普达,dopod D6,2G,0,0,0,0,0,0
35353401,联想,i366,2G,0,0,0,0,0,0
35353902,西门子,CXV65,2G,0,0,0,0,0,0
35353902,西门子,CXV65,2G,0,0,0,0,0,0
35353902,西门子,CXV65,2G,0,0,0,0,0,0
35354002,诺基亚,1209,2G,0,0,0,0,0,0
35354002,诺基亚,1209,2G,0,0,0,0,0,0
35354002,诺基亚,1209,2G,0,0,0,0,0,0
35354602,诺基亚,N73,2G,0,0,0,0,0,0
35355002,诺基亚,7310c,2G,0,0,0,0,0,0
35355102,康佳,康佳 D62,2G,0,0,0,0,0,0
35355202,三星,SGH-i908,2G,0,0,0,0,0,0
35355401,天宇朗通,A615,2G,0,0,0,0,0,0
35355601,天宇朗通,A695,2G,0,0,0,0,0,0
35355601,天宇朗通,A695,2G,0,0,0,0,0,0
35357701,金鹏,E2156,2G,0,0,0,0,0,0
35357901,诺基亚,7360,2G,0,0,0,0,0,0
35357901,诺基亚,7360,2G,0,0,0,0,0,0
35357901,诺基亚,7360,2G,0,0,0,0,0,0
35357901,诺基亚,7360,2G,0,0,0,0,0,0
35357901,诺基亚,7360,2G,0,0,0,0,0,0
35357901,诺基亚,7360,2G,0,0,0,0,0,0
35359601,天宇朗通,B895,2G,0,0,0,0,0,0
35361302,大显,DX6010,2G,0,0,0,0,0,0
35361501,"摩托罗拉	W208",2G,0,0,0,0,0,0,
35364701,诺基亚,1112,2G,0,0,0,0,0,0
35365801,诺基亚,1600,2G,0,0,0,0,0,0
35367300,三星,SGH-X688,2G,0,0,0,0,0,0
35371303,奥乐,AOLE 558,2G,0,0,0,0,0,0
35373000,中电,GS860,2G,0,0,0,0,0,0
35373103,敏讯,GT1000,2G,0,0,0,0,0,0
35375202,天一,OT-S683,2G,0,0,0,0,0,0
35375702,大显,X600,2G,0,0,0,0,0,0
35376901,波导,M27,2G,0,0,0,0,0,0
35376901,波导,M27,2G,0,0,0,0,0,0
35381201,桑菲,Philips,2G,0,0,0,0,0,0
35381202,锋达通,FDT 858,2G,0,0,0,0,0,0
35382803,"屹东	HT6288",2G,0,0,0,0,0,0,
35386601,三星,SGH-C188,2G,0,0,0,0,0,0
35386602,三星,SGH-CC03,2G,0,0,0,0,0,0
35386900,"摩托罗拉	A768i",2G,0,0,0,0,0,0,
35389800,桑菲,Philips,2G,0,0,0,0,0,0
35389802,桑菲,Philips,2G,0,0,0,0,0,0
35390500,中电,TY295,2G,0,0,0,0,0,0
35390502,中电,TY295,2G,0,0,0,0,0,0
35391201,"摩托罗拉	A1200",2G,0,0,0,0,0,0,
35391301,"摩托罗拉	V3",2G,0,0,0,0,0,0,
35394301,诺基亚,1110,2G,0,0,0,0,0,0
35394701,诺基亚,6030,2G,0,0,0,0,0,0
35396201,诺基亚,1112,2G,0,0,0,0,0,0
35396201,诺基亚,1112,2G,0,0,0,0,0,0
35396201,诺基亚,1112,2G,0,0,0,0,0,0
35396601,诺基亚,5700 Xpr,2G,0,0,0,0,0,0
35396800,国威,HI801,2G,0,0,0,0,0,0
35396800,国威,HI801,2G,0,0,0,0,0,0
35398703,高斯贝尔,GS6000,2G,0,0,0,0,0,0
35409801,"摩托罗拉	L71",2G,0,0,0,0,0,0,
35409801,"摩托罗拉	L71",2G,0,0,0,0,0,0,
35410003,金鹏,A8858,2G,0,0,0,0,0,0
35410100,中电,T689,2G,0,0,0,0,0,0
35410100,中电,T689,2G,0,0,0,0,0,0
35410100,中电,T689,2G,0,0,0,0,0,0
35410402,爱我,LM693,2G,0,0,0,0,0,0
35412402,大显,X3328,2G,0,0,0,0,0,0
35412402,大显,X3328,2G,0,0,0,0,0,0
35412402,大显,X3328,2G,0,0,0,0,0,0
35415602,诺基亚,2610,2G,0,0,0,0,0,0
35415602,诺基亚,2610,2G,0,0,0,0,0,0
35415702,诺基亚,2610,2G,0,0,0,0,0,0
35415802,诺基亚,2626,2G,0,0,0,0,0,0
35416002,诺基亚,6120c,2G,0,0,0,0,0,0
35416002,诺基亚,6120c,2G,0,0,0,0,0,0
35416002,诺基亚,6120c,2G,0,0,0,0,0,0
35418402,诺基亚,5000,2G,0,0,0,0,0,0
35418402,诺基亚,5000,2G,0,0,0,0,0,0
35418402,诺基亚,5000,2G,0,0,0,0,0,0
35418603,诺基亚,1200,2G,0,0,0,0,0,0
35418803,诺基亚,5000,2G,0,0,0,0,0,0
35419201,展讯,SM5100,2G,0,0,0,0,0,0
35421001,大显,X658,2G,0,0,0,0,0,0
35421001,大显,X658,2G,0,0,0,0,0,0
35421103,诺基亚,3100,2G,0,0,0,0,0,0
35422402,金鹏,S1618,2G,0,0,0,0,0,0
35423602,埃立特,FN3210,2G,0,0,0,0,0,0
35423602,埃立特,FN3210,2G,0,0,0,0,0,0
35423602,埃立特,FN3210,2G,0,0,0,0,0,0
35423602,埃立特,FN3210,2G,0,0,0,0,0,0
35423602,埃立特,FN3210,2G,0,0,0,0,0,0
35423602,埃立特,FN3210,2G,0,0,0,0,0,0
35423602,埃立特,FN3210,2G,0,0,0,0,0,0
35423602,埃立特,FN3210,2G,0,0,0,0,0,0
35423602,埃立特,FN3210,2G,0,0,0,0,0,0
35423602,埃立特,FN3210,2G,0,0,0,0,0,0
35426101,三星,SGH-C308,2G,0,0,0,0,0,0
35426401,三星,158,2G,0,0,0,0,0,0
35427003,索尼爱立信,S312,2G,0,0,0,0,0,0
35428503,金鹏,S6811,2G,0,0,0,0,0,0
35431700,诺基亚,2300,2G,0,0,0,0,0,0
35435200,"摩托罗拉	V500",2G,0,0,0,0,0,0,
35435401,天宇朗通,B920,2G,0,0,0,0,0,0
35435401,天宇朗通,B920,2G,0,0,0,0,0,0
35435401,天宇朗通,B920,2G,0,0,0,0,0,0
35435401,天宇朗通,B920,2G,0,0,0,0,0,0
35435401,天宇朗通,B920,2G,0,0,0,0,0,0
35435401,天宇朗通,B920,2G,0,0,0,0,0,0
35435401,天宇朗通,B920,2G,0,0,0,0,0,0
35435401,天宇朗通,B920,2G,0,0,0,0,0,0
35435501,天宇朗通,B921,2G,0,0,0,0,0,0
35439601,中天,ZT2007,2G,0,0,0,0,0,0
35439601,中天,ZT2007,2G,0,0,0,0,0,0
35440500,国威,S838,2G,0,0,0,0,0,0
35440500,国威,S838,2G,0,0,0,0,0,0
35440700,中天,ZT888,2G,0,0,0,0,0,0
35440701,海尔,HG-V60,2G,0,0,0,0,0,0
35440701,海尔,HG-V60,2G,0,0,0,0,0,0
35440900,国威,S801,2G,0,0,0,0,0,0
35441100,中电,T590,2G,0,0,0,0,0,0
35441100,中电,T590,2G,0,0,0,0,0,0
35441100,中电,T590,2G,0,0,0,0,0,0
35441701,三星,i718+,2G,0,0,0,0,0,0
35442202,大显,DX858,2G,0,0,0,0,0,0
35445501,波导,D612,2G,0,0,0,0,0,0
35450201,"摩托罗拉	C118",2G,0,0,0,0,0,0,
35450201,"摩托罗拉	C118",2G,0,0,0,0,0,0,
35450202,长虹,Changhon,2G,0,0,0,0,0,0
35453301,诺基亚,N72,2G,0,0,0,0,0,0
35453701,诺基亚,1110i,2G,0,0,0,0,0,0
35453701,诺基亚,1110i,2G,0,0,0,0,0,0
35454402,诺基亚,6681,2G,0,0,0,0,0,0
35456500,中电,U8800,2G,0,0,0,0,0,0
35456500,中电,U8800,2G,0,0,0,0,0,0
35456902,"屹东	HT672",2G,0,0,0,0,0,0,
35459002,"振华	OBEE 9518",2G,0,0,0,0,0,0,
35459002,"振华	OBEE 9518",2G,0,0,0,0,0,0,
35459102,"振华	OBEE 2008",2G,0,0,0,0,0,0,
35459102,"振华	OBEE 2008",2G,0,0,0,0,0,0,
35459102,"振华	OBEE 2008",2G,0,0,0,0,0,0,
35459102,"振华	OBEE 2008",2G,0,0,0,0,0,0,
35459402,普莱达,D1518,2G,0,0,0,0,0,0
35460502,康佳,康佳 Q35,2G,0,0,0,0,0,0
35461702,天宇朗通,K-Touch,2G,0,0,0,0,0,0
35461702,天宇朗通,K-Touch,2G,0,0,0,0,0,0
35461902,华禹,HY618,2G,0,0,0,0,0,0
35462002,明基,BenQ-SIE,2G,0,0,0,0,0,0
35462101,康佳,康佳 A76,2G,0,0,0,0,0,0
35462202,天宇朗通,K-Touch,2G,0,0,0,0,0,0
35463101,友利通,UNC-F211,2G,0,0,0,0,0,0
35465701,金鹏,S4166,2G,0,0,0,0,0,0
35466901,德赛,DESAY KP,2G,0,0,0,0,0,0
35467406,诺基亚,6681,2G,0,0,0,0,0,0
35468801,金鹏,S7508,2G,0,0,0,0,0,0
35471401,华禹,CM638,2G,0,0,0,0,0,0
35471702,宇阳,EY M5523,2G,0,0,0,0,0,0
35473402,三星,SGH-B108,2G,0,0,0,0,0,0
35473702,三星,SGH-E251,2G,0,0,0,0,0,0
35474600,中电,T586,2G,0,0,0,0,0,0
35475303,高科时代,GK858,2G,0,0,0,0,0,0
35475501,TCL,TCL e787,2G,0,0,0,0,0,0
35476602,金鹏,E2600,2G,0,0,0,0,0,0
35477601,"摩托罗拉	C119",2G,0,0,0,0,0,0,
35477601,"摩托罗拉	C119",2G,0,0,0,0,0,0,
35479001,"摩托罗拉	C168i",2G,0,0,0,0,0,0,
35479501,天时达,TD3,2G,0,0,0,0,0,0
35481001,诺基亚,1600,2G,0,0,0,0,0,0
35481001,诺基亚,1600,2G,0,0,0,0,0,0
35483001,诺基亚,5070,2G,0,0,0,0,0,0
35483202,诺基亚,5208,2G,0,0,0,0,0,0
35483202,诺基亚,5208,2G,0,0,0,0,0,0
35484702,诺基亚,2610,2G,0,0,0,0,0,0
35484702,诺基亚,2610,2G,0,0,0,0,0,0
35486402,诺基亚,6300,2G,0,0,0,0,0,0
35486402,诺基亚,6300,2G,0,0,0,0,0,0
35487202,诺基亚,1200,2G,0,0,0,0,0,0
35490201,诺基亚,7610,2G,0,0,0,0,0,0
35490201,诺基亚,7610,2G,0,0,0,0,0,0
35491700,厦新,夏新 M8,2G,0,0,0,0,0,0
35492301,高新奇,GXQ X168,2G,0,0,0,0,0,0
35492701,高新奇,GXQ G618,2G,0,0,0,0,0,0
35494900,联想,i660,2G,0,0,0,0,0,0
35497702,大显,D6800,2G,0,0,0,0,0,0
35498602,金鹏,S3536,2G,0,0,0,0,0,0
35498602,金鹏,S3536,2G,0,0,0,0,0,0
35499500,"摩托罗拉	V303",2G,0,0,0,0,0,0,
35502501,"金立	金立 L6",2G,0,0,0,0,0,0,
35503701,大显,X901,2G,0,0,0,0,0,0
35503701,大显,X901,2G,0,0,0,0,0,0
35503701,大显,X901,2G,0,0,0,0,0,0
35505090,诺基亚,6030,2G,0,0,0,0,0,0
35505102,金鹏,A7133,2G,0,0,0,0,0,0
35505102,金鹏,A7133,2G,0,0,0,0,0,0
35507402,大唐,S767,2G,0,0,0,0,0,0
35507501,"摩托罗拉	W205",2G,0,0,0,0,0,0,
35509301,三星,SGH-E848,2G,0,0,0,0,0,0
35509602,万事通,S166,2G,0,0,0,0,0,0
35509900,诺基亚,3500c,2G,0,0,0,0,0,0
35511302,万利达,MG616,2G,0,0,0,0,0,0
35511502,康佳,康佳 E30,2G,0,0,0,0,0,0
35512400,联想,V650,2G,0,0,0,0,0,0
35515202,盟宝,MOBA 738,2G,0,0,0,0,0,0
35518101,高新奇,GXQ HT99,2G,0,0,0,0,0,0
35518201,金鹏,S7189,2G,0,0,0,0,0,0
35518501,大显,X790,2G,0,0,0,0,0,0
35518801,庆邦,G2828,2G,0,0,0,0,0,0
35520502,港利通,KP M1,2G,0,0,0,0,0,0
35520602,凯博特,CHERR 76,2G,0,0,0,0,0,0
35520602,凯博特,CHERR 76,2G,0,0,0,0,0,0
35520602,凯博特,CHERR 76,2G,0,0,0,0,0,0
35520602,凯博特,CHERR 76,2G,0,0,0,0,0,0
35522001,高新奇,GXQ G718,2G,0,0,0,0,0,0
35523003,诺基亚,1681c,2G,0,0,0,0,0,0
35523401,天宇朗通,D171,2G,0,0,0,0,0,0
35523402,金鹏,V7668,2G,0,0,0,0,0,0
35523501,天宇朗通,D170,2G,0,0,0,0,0,0
35524200,联想,P608,2G,0,0,0,0,0,0
35530500,飞利浦,Philips,2G,0,0,0,0,0,0
35530600,飞利浦,Philips,2G,0,0,0,0,0,0
35531200,飞利浦,飞利浦9@,2G,0,0,0,0,0,0
35531502,康佳,蓝极星 J,2G,0,0,0,0,0,0
35531800,诺基亚,N1100,2G,0,0,0,0,0,0
35533802,波导,Bird D76,2G,0,0,0,0,0,0
35533802,波导,Bird D76,2G,0,0,0,0,0,0
35536102,金鹏,A5166,2G,0,0,0,0,0,0
35536102,金鹏,A5166,2G,0,0,0,0,0,0
35536901,三星,SGH-C268,2G,0,0,0,0,0,0
35537801,奥克斯,AUX M868,2G,0,0,0,0,0,0
35537801,奥克斯,AUX M868,2G,0,0,0,0,0,0
35538102,"金立	金立 A539",2G,0,0,0,0,0,0,
35538502,金鹏,A1928,2G,0,0,0,0,0,0
35539200,诺基亚,6108,2G,0,0,0,0,0,0
35539300,诺基亚,2300,2G,0,0,0,0,0,0
35539601,三星,SGH-C188,2G,0,0,0,0,0,0
35539601,三星,SGH-C188,2G,0,0,0,0,0,0
35539601,三星,SGH-C188,2G,0,0,0,0,0,0
35539601,三星,SGH-C188,2G,0,0,0,0,0,0
35540801,金鹏,V2168,2G,0,0,0,0,0,0
35542202,大显,X6500,2G,0,0,0,0,0,0
35542202,大显,X6500,2G,0,0,0,0,0,0
35542202,大显,X6500,2G,0,0,0,0,0,0
35542400,西门子,A52,2G,0,0,0,0,0,0
35542602,联想,Lenovo i,2G,0,0,0,0,0,0
35546700,三星,SGH-C208,2G,0,0,0,0,0,0
35546701,桑菲,Philips,2G,0,0,0,0,0,0
35546701,桑菲,Philips,2G,0,0,0,0,0,0
35547201,大显,X818,2G,0,0,0,0,0,0
35552102,康佳,康佳 C61,2G,0,0,0,0,0,0
35552901,诺基亚,N70,2G,0,0,0,0,0,0
35554002,金鹏,A5133,2G,0,0,0,0,0,0
35554301,诺基亚,2626,2G,0,0,0,0,0,0
35554401,诺基亚,2626,2G,0,0,0,0,0,0
35554601,诺基亚,1100,2G,0,0,0,0,0,0
35557000,波导,S1100,2G,0,0,0,0,0,0
35557000,波导,S1100,2G,0,0,0,0,0,0
35557301,"摩托罗拉	L7",2G,0,0,0,0,0,0,
35557302,欧珀,OPPO A10,2G,0,0,0,0,0,0
35557302,欧珀,OPPO A10,2G,0,0,0,0,0,0
35557401,"摩托罗拉	V3i",2G,0,0,0,0,0,0,
35558002,三星,SGH-C288,2G,0,0,0,0,0,0
35558100,三星,SGH-D508,2G,0,0,0,0,0,0
35558100,三星,SGH-D508,2G,0,0,0,0,0,0
35560902,"兴华宝	SOP-P168",2G,0,0,0,0,0,0,
35562002,宇阳,EY M2211,2G,0,0,0,0,0,0
35562401,金鹏,A5618,2G,0,0,0,0,0,0
35563302,埃立特,FN2299,2G,0,0,0,0,0,0
35565800,诺基亚,6170,2G,0,0,0,0,0,0
35566201,康佳,蓝极星 H,2G,0,0,0,0,0,0
35566400,诺基亚,6681,2G,0,0,0,0,0,0
35566702,"金立	金立 V8680",2G,0,0,0,0,0,0,
35568901,诺基亚,1100,2G,0,0,0,0,0,0
35570502,诺基亚,1682c,2G,0,0,0,0,0,0
35570502,诺基亚,1682c,2G,0,0,0,0,0,0
35570502,诺基亚,1682c,2G,0,0,0,0,0,0
35570602,松下,EB-SC3,2G,0,0,0,0,0,0
35571502,诺基亚,2680s,2G,0,0,0,0,0,0
35571502,诺基亚,2680s,2G,0,0,0,0,0,0
35572102,诺基亚,N72,2G,0,0,0,0,0,0
35573501,庆邦,G2998,2G,0,0,0,0,0,0
35576201,诺基亚,6681,2G,0,0,0,0,0,0
35582701,"摩托罗拉	MOTOROK",2G,0,0,0,0,0,0,
35584301,"摩托罗拉	L7",2G,0,0,0,0,0,0,
35584601,"摩托罗拉	W218",2G,0,0,0,0,0,0,
35584601,"摩托罗拉	W218",2G,0,0,0,0,0,0,
35585300,步步高,K028,2G,0,0,0,0,0,0
35586601,厦新,夏新 A10,2G,0,0,0,0,0,0
35589800,三星,SGH-X628,2G,0,0,0,0,0,0
35593202,大显,X3333,2G,0,0,0,0,0,0
35594200,NEC,NEC N938,2G,0,0,0,0,0,0
35594300,NEC,NEC N330,2G,0,0,0,0,0,0
35596802,波导,D717,2G,0,0,0,0,0,0
35596802,波导,D717,2G,0,0,0,0,0,0
35596802,波导,D717,2G,0,0,0,0,0,0
35596802,波导,D717,2G,0,0,0,0,0,0
35597802,普莱达,D1138,2G,0,0,0,0,0,0
35599102,三星,SGH-CC03,2G,0,0,0,0,0,0
35600501,天宇朗通,A908,2G,0,0,0,0,0,0
35600501,天宇朗通,A908,2G,0,0,0,0,0,0
35600501,天宇朗通,A908,2G,0,0,0,0,0,0
35600501,天宇朗通,A908,2G,0,0,0,0,0,0
35600501,天宇朗通,A908,2G,0,0,0,0,0,0
35601201,金鹏,A2068,2G,0,0,0,0,0,0
35603803,诺基亚,1682c,2G,0,0,0,0,0,0
35603803,诺基亚,1682c,2G,0,0,0,0,0,0
35605301,国威,B66,2G,0,0,0,0,0,0
35605603,诺基亚,5320,2G,0,0,0,0,0,0
35605603,诺基亚,5320,2G,0,0,0,0,0,0
35605603,诺基亚,5320,2G,0,0,0,0,0,0
35608200,三星,SGH-X488,2G,0,0,0,0,0,0
35608500,波导,A120,2G,0,0,0,0,0,0
35609901,金鹏,S7557,2G,0,0,0,0,0,0
35610001,金鹏,E2298,2G,0,0,0,0,0,0
35610001,金鹏,E2298,2G,0,0,0,0,0,0
35610001,金鹏,E2298,2G,0,0,0,0,0,0
35610001,金鹏,E2298,2G,0,0,0,0,0,0
35612202,金鹏,A5880,2G,0,0,0,0,0,0
35612603,波导,CIDY V39,2G,0,0,0,0,0,0
35613801,金鹏,S3566,2G,0,0,0,0,0,0
35614403,友信达,UNISTAR,2G,0,0,0,0,0,0
35614702,特灵通,LT F18,2G,0,0,0,0,0,0
35614702,特灵通,LT F18,2G,0,0,0,0,0,0
35614702,特灵通,LT F18,2G,0,0,0,0,0,0
35617102,"金立	金立 A300",2G,0,0,0,0,0,0,
35617102,"金立	金立 A300",2G,0,0,0,0,0,0,
35617102,"金立	金立 A300",2G,0,0,0,0,0,0,
35617102,"金立	金立 A300",2G,0,0,0,0,0,0,
35617301,侨兴,CECT 112,2G,0,0,0,0,0,0
35619102,爱我,LX888,2G,0,0,0,0,0,0
35619900,中电,V668,2G,0,0,0,0,0,0
35620804,诺基亚,6108,2G,0,0,0,0,0,0
35621009,诺基亚,3120,2G,0,0,0,0,0,0
35622300,诺基亚,6230i,2G,0,0,0,0,0,0
35622500,诺基亚,3220,2G,0,0,0,0,0,0
35623102,"屹东	HT6811",2G,0,0,0,0,0,0,
35623102,"屹东	HT6811",2G,0,0,0,0,0,0,
35623102,"屹东	HT6811",2G,0,0,0,0,0,0,
35623700,诺基亚,1100,2G,0,0,0,0,0,0
35624701,"多达康	DOTOCO Q9",2G,0,0,0,0,0,0,
35625601,诺基亚,6030,2G,0,0,0,0,0,0
35625601,诺基亚,6030,2G,0,0,0,0,0,0
35625678,诺基亚,6030,2G,0,0,0,0,0,0
35627201,诺基亚,1600,2G,0,0,0,0,0,0
35627701,诺基亚,3230,2G,0,0,0,0,0,0
35627701,诺基亚,3230,2G,0,0,0,0,0,0
35627701,诺基亚,3230,2G,0,0,0,0,0,0
35627801,诺基亚,6070,2G,0,0,0,0,0,0
35628601,诺基亚,7360,2G,0,0,0,0,0,0
35629202,金鹏,A5699,2G,0,0,0,0,0,0
35629302,金鹏,A7880,2G,0,0,0,0,0,0
35629501,诺基亚,N72,2G,0,0,0,0,0,0
35629901,诺基亚,1116,2G,0,0,0,0,0,0
35634000,中兴,G92,2G,0,0,0,0,0,0
35634100,诺基亚,N1100,2G,0,0,0,0,0,0
35637702,诺基亚,1200,2G,0,0,0,0,0,0
35637702,诺基亚,1200,2G,0,0,0,0,0,0
35637702,诺基亚,1200,2G,0,0,0,0,0,0
35638802,诺基亚,7610,2G,0,0,0,0,0,0
35639201,埃立特,EIT8602,2G,0,0,0,0,0,0
35639900,"摩托罗拉	C157",2G,0,0,0,0,0,0,
35639900,"摩托罗拉	C157",2G,0,0,0,0,0,0,
35639902,"摩托罗拉	C157t",2G,0,0,0,0,0,0,
35641101,诺基亚,1110,2G,0,0,0,0,0,0
35641101,诺基亚,1110,2G,0,0,0,0,0,0
35641201,诺基亚,1112,2G,0,0,0,0,0,0
35641502,诺基亚,6300,2G,0,0,0,0,0,0
35642601,诺基亚,1600,2G,0,0,0,0,0,0
35644001,诺基亚,7500,2G,0,0,0,0,0,0
35645701,"摩托罗拉	MOTO-A1",2G,0,0,0,0,0,0,
35646102,埃立特,6618,2G,0,0,0,0,0,0
35648101,"屹东	HT650",2G,0,0,0,0,0,0,
35649100,"摩托罗拉	V360",2G,0,0,0,0,0,0,
35652601,侨兴,CECT P37,2G,0,0,0,0,0,0
35652601,侨兴,CECT P37,2G,0,0,0,0,0,0
35653302,桑菲,Philips,2G,0,0,0,0,0,0
35654201,三星,SGH-C178,2G,0,0,0,0,0,0
35654301,三星,SGH-E848,2G,0,0,0,0,0,0
35654602,大显,X939,2G,0,0,0,0,0,0
35654602,大显,X939,2G,0,0,0,0,0,0
35654602,大显,X939,2G,0,0,0,0,0,0
35654602,大显,X939,2G,0,0,0,0,0,0
35654602,大显,X939,2G,0,0,0,0,0,0
35656301,桑菲,Philips,2G,0,0,0,0,0,0
35658701,大显,X3000,2G,0,0,0,0,0,0
35658701,大显,X3000,2G,0,0,0,0,0,0
35658701,大显,X3000,2G,0,0,0,0,0,0
35658701,大显,X3000,2G,0,0,0,0,0,0
35658701,大显,X3000,2G,0,0,0,0,0,0
35660001,邦讯,X3128,2G,0,0,0,0,0,0
35660100,诺基亚,5300,2G,0,0,0,0,0,0
35662302,康佳,蓝极星 H,2G,0,0,0,0,0,0
35662401,中兴,ZTE A12+,2G,0,0,0,0,0,0
35662401,中兴,ZTE A12+,2G,0,0,0,0,0,0
35662600,诺基亚,7070,2G,0,0,0,0,0,0
35663100,诺基亚,3100,2G,0,0,0,0,0,0
35663500,诺基亚,1600,2G,0,0,0,0,0,0
35663601,东方通信,E689,2G,0,0,0,0,0,0
35665001,"嘉源	cayon V130",2G,0,0,0,0,0,0,
35666300,诺基亚,6102,2G,0,0,0,0,0,0
35669902,三星,E1110C,2G,0,0,0,0,0,0
35670101,泛泰,PG-8000,2G,0,0,0,0,0,0
35670101,泛泰,PG-8000,2G,0,0,0,0,0,0
35670201,三星,SGH-C268,2G,0,0,0,0,0,0
35670301,三星,SGH-D888,2G,0,0,0,0,0,0
35673602,金鹏,E2678,2G,0,0,0,0,0,0
35675800,三星,SGH-C238,2G,0,0,0,0,0,0
35677702,大显,DAXIAN T,2G,0,0,0,0,0,0
35678302,诺基亚,1208,2G,0,0,0,0,0,0
35678302,诺基亚,1208,2G,0,0,0,0,0,0
35678302,诺基亚,1208,2G,0,0,0,0,0,0
35678602,诺基亚,1200,2G,0,0,0,0,0,0
35678702,诺基亚,E66,2G,0,0,0,0,0,0
35679102,诺基亚,7100s,2G,0,0,0,0,0,0
35679202,诺基亚,1200,2G,0,0,0,0,0,0
35679302,诺基亚,2610,2G,0,0,0,0,0,0
35679402,庆邦,G2966,2G,0,0,0,0,0,0
35679402,庆邦,G2966,2G,0,0,0,0,0,0
35679402,庆邦,G2966,2G,0,0,0,0,0,0
35679701,康佳,康佳 C61,2G,0,0,0,0,0,0
35680502,诺基亚,6600s,2G,0,0,0,0,0,0
35680602,诺基亚,1200,2G,0,0,0,0,0,0
35680602,诺基亚,1200,2G,0,0,0,0,0,0
35680602,诺基亚,1200,2G,0,0,0,0,0,0
35681002,诺基亚,1208,2G,0,0,0,0,0,0
35681202,诺基亚,1208,2G,0,0,0,0,0,0
35682401,华禹,HUAYU T6,2G,0,0,0,0,0,0
35682601,华禹,HUAYU A6,2G,0,0,0,0,0,0
35682601,华禹,HUAYU A6,2G,0,0,0,0,0,0
35682702,华禹,AHC-818,2G,0,0,0,0,0,0
35682702,华禹,AHC-818,2G,0,0,0,0,0,0
35683301,索尼爱立信,S500c,2G,0,0,0,0,0,0
35683502,诺基亚,2610,2G,0,0,0,0,0,0
35683601,高通,GT i228,2G,0,0,0,0,0,0
35684201,联想,i716,2G,0,0,0,0,0,0
35684402,诺基亚,5200,2G,0,0,0,0,0,0
35684702,诺基亚,6120c,2G,0,0,0,0,0,0
35685201,高通,GT Q-2,2G,0,0,0,0,0,0
35686302,诺基亚,2610,2G,0,0,0,0,0,0
35689602,天时达,A-317,2G,0,0,0,0,0,0
35691001,高新奇,GXQ LT33,2G,0,0,0,0,0,0
35693902,友信达,UNISTAR,2G,0,0,0,0,0,0
35694002,友信达,UNISTAR,2G,0,0,0,0,0,0
35696601,诺基亚,N72,2G,0,0,0,0,0,0
35696602,步步高,BBK K27,2G,0,0,0,0,0,0
35697102,天宇朗通,K-Touch,2G,0,0,0,0,0,0
35697102,天宇朗通,K-Touch,2G,0,0,0,0,0,0
35697102,天宇朗通,K-Touch,2G,0,0,0,0,0,0
35697102,天宇朗通,K-Touch,2G,0,0,0,0,0,0
35697202,天宇朗通,K-Touch,2G,0,0,0,0,0,0
35697402,大显,D868,2G,0,0,0,0,0,0
35698101,诺基亚,1112,2G,0,0,0,0,0,0
35698301,中兴,ZTE A89,2G,0,0,0,0,0,0
35698301,中兴,ZTE A89,2G,0,0,0,0,0,0
35698701,诺基亚,1112,2G,0,0,0,0,0,0
35698801,诺基亚,1600,2G,0,0,0,0,0,0
35698801,诺基亚,1600,2G,0,0,0,0,0,0
35699401,诺基亚,N81,2G,0,0,0,0,0,0
35703402,"屹东	HT TD800",2G,0,0,0,0,0,0,
35705002,索尼爱立信,G502c,2G,0,0,0,0,0,0
35705300,诺基亚,2600,2G,0,0,0,0,0,0
35705502,"亿和源	H90",2G,0,0,0,0,0,0,
35705700,诺基亚,3120,2G,0,0,0,0,0,0
35705900,诺基亚,6030,2G,0,0,0,0,0,0
35712802,国信通,GD668,2G,0,0,0,0,0,0
35712802,国信通,GD668,2G,0,0,0,0,0,0
35713102,大显,X521,2G,0,0,0,0,0,0
35722700,联想,E310,2G,0,0,0,0,0,0
35723302,大显,X8802,2G,0,0,0,0,0,0
35723702,省港龙,SQ668,2G,0,0,0,0,0,0
35723702,省港龙,SQ668,2G,0,0,0,0,0,0
35724001,天宇朗通,A907,2G,0,0,0,0,0,0
35726501,金鹏,S3558,2G,0,0,0,0,0,0
35726601,金鹏,S3568,2G,0,0,0,0,0,0
35727002,金鹏,A7881,2G,0,0,0,0,0,0
35730101,大显,X168,2G,0,0,0,0,0,0
35731001,天宇朗通,D702,2G,0,0,0,0,0,0
35733701,天时达,TS607,2G,0,0,0,0,0,0
35733701,天时达,TS607,2G,0,0,0,0,0,0
35733901,"摩托罗拉	MOTORAZ",2G,0,0,0,0,0,0,
35734600,波导,D680,2G,0,0,0,0,0,0
35735800,天时达,ROWA818,2G,0,0,0,0,0,0
35735801,步步高,i288,2G,0,0,0,0,0,0
35736301,"嘉源	cayon V153",2G,0,0,0,0,0,0,
35738801,康佳,康佳 630,2G,0,0,0,0,0,0
35739000,"摩托罗拉	V3",2G,0,0,0,0,0,0,
35741402,大显,X5109,2G,0,0,0,0,0,0
35741402,大显,X5109,2G,0,0,0,0,0,0
35741402,大显,X5109,2G,0,0,0,0,0,0
35742500,联想,V707,2G,0,0,0,0,0,0
35743603,"创维	Skyworth Q8",2G,0,0,0,0,0,0,
35745201,三星,SGH-E258,2G,0,0,0,0,0,0
35745201,三星,SGH-E258,2G,0,0,0,0,0,0
35746602,大显,DX310,2G,0,0,0,0,0,0
35746602,大显,DX310,2G,0,0,0,0,0,0
35746602,大显,DX310,2G,0,0,0,0,0,0
35746602,大显,DX310,2G,0,0,0,0,0,0
35746702,大显,DX320,2G,0,0,0,0,0,0
35746702,大显,DX320,2G,0,0,0,0,0,0
35748100,"摩托罗拉	C168",2G,0,0,0,0,0,0,
35748800,"摩托罗拉	A1200",2G,0,0,0,0,0,0,
35749001,"摩托罗拉	V3",2G,0,0,0,0,0,0,
35749101,"金立	金立 L9",2G,0,0,0,0,0,0,
35751801,长虹,Changhon,2G,0,0,0,0,0,0
35751801,长虹,Changhon,2G,0,0,0,0,0,0
35751801,长虹,Changhon,2G,0,0,0,0,0,0
35751901,长虹,Changhon,2G,0,0,0,0,0,0
35751901,长虹,Changhon,2G,0,0,0,0,0,0
35752701,大显,X909,2G,0,0,0,0,0,0
35752701,大显,X909,2G,0,0,0,0,0,0
35753502,华禹,HUAYU 69,2G,0,0,0,0,0,0
35755502,传奇,SG80,2G,0,0,0,0,0,0
35755600,中电,i658,2G,0,0,0,0,0,0
35755901,多普达,dopod S9,2G,0,0,0,0,0,0
35758800,诺基亚,2600,2G,0,0,0,0,0,0
35759900,诺基亚,6030,2G,0,0,0,0,0,0
35761800,诺基亚,3100,2G,0,0,0,0,0,0
35761800,诺基亚,3100,2G,0,0,0,0,0,0
35764300,波导,M06,2G,0,0,0,0,0,0
35764300,波导,M06,2G,0,0,0,0,0,0
35765801,诺基亚,1116,2G,0,0,0,0,0,0
35765801,诺基亚,1116,2G,0,0,0,0,0,0
35766801,诺基亚,6030,2G,0,0,0,0,0,0
35766801,诺基亚,6030,2G,0,0,0,0,0,0
35766801,诺基亚,6030,2G,0,0,0,0,0,0
35768901,诺基亚,5200,2G,0,0,0,0,0,0
35768901,诺基亚,5200,2G,0,0,0,0,0,0
35769801,诺基亚,5070,2G,0,0,0,0,0,0
35769801,诺基亚,5070,2G,0,0,0,0,0,0
35769901,诺基亚,6070,2G,0,0,0,0,0,0
35771300,索尼爱立信,T618,2G,0,0,0,0,0,0
35771300,索尼爱立信,T618,2G,0,0,0,0,0,0
35771400,三星,SGH-X208,2G,0,0,0,0,0,0
35772002,三星,J708,2G,0,0,0,0,0,0
35773800,三星,SGH-E338,2G,0,0,0,0,0,0
35774702,诺基亚,6681,2G,0,0,0,0,0,0
35776301,"金立	金立 H26",2G,0,0,0,0,0,0,
35777501,众一,ZY258,2G,0,0,0,0,0,0
35778501,桑菲,SED 188,2G,0,0,0,0,0,0
35782301,三星,SGH-E958,2G,0,0,0,0,0,0
35782801,诺基亚,6600,2G,0,0,0,0,0,0
35784601,厦新,夏新 M51,2G,0,0,0,0,0,0
35784602,金鹏,V7969,2G,0,0,0,0,0,0
35788202,普莱达,D2688,2G,0,0,0,0,0,0
35788502,普莱达,D2808,2G,0,0,0,0,0,0
35788502,普莱达,D2808,2G,0,0,0,0,0,0
35788502,普莱达,D2808,2G,0,0,0,0,0,0
35789502,诺基亚,6681,2G,0,0,0,0,0,0
35790245,诺基亚,6681,2G,0,0,0,0,0,0
35791286,TCL,TCL A288,2G,0,0,0,0,0,0
35792400,联想,i921,2G,0,0,0,0,0,0
35792701,联想,E200,2G,0,0,0,0,0,0
35793400,诺基亚,3250,2G,0,0,0,0,0,0
35793900,诺基亚,3120,2G,0,0,0,0,0,0
35794802,长虹,Changhon,2G,0,0,0,0,0,0
35796200,诺基亚,3220,2G,0,0,0,0,0,0
35797000,诺基亚,1600,2G,0,0,0,0,0,0
35798001,三星,SCH-W599,2G,0,0,0,0,0,0
35798001,三星,SCH-W599,2G,0,0,0,0,0,0
35798101,三星,SGH-F258,2G,0,0,0,0,0,0
35798402,欧珀,OPPO A10,2G,0,0,0,0,0,0
35798402,欧珀,OPPO A10,2G,0,0,0,0,0,0
35800601,"屹东	HT636",2G,0,0,0,0,0,0,
35807101,诺基亚,2626,2G,0,0,0,0,0,0
35807901,诺基亚,1116,2G,0,0,0,0,0,0
35808801,诺基亚,1208,2G,0,0,0,0,0,0
35808801,诺基亚,1208,2G,0,0,0,0,0,0
35808801,诺基亚,1208,2G,0,0,0,0,0,0
35809201,诺基亚,N1208,2G,0,0,0,0,0,0
35809201,诺基亚,N1208,2G,0,0,0,0,0,0
35809501,诺基亚,1208,2G,0,0,0,0,0,0
35811701,友利通,UNC-F60,2G,0,0,0,0,0,0
35813702,宇阳,EY M555,2G,0,0,0,0,0,0
35814201,长虹,Changhon,2G,0,0,0,0,0,0
35814201,长虹,Changhon,2G,0,0,0,0,0,0
35814601,长虹,Changhon,2G,0,0,0,0,0,0
35816501,中宝,CBT-P388,2G,0,0,0,0,0,0
35826402,三普,ST5018,2G,0,0,0,0,0,0
35826402,三普,ST5018,2G,0,0,0,0,0,0
35827000,"摩托罗拉	C261",2G,0,0,0,0,0,0,
35827100,"摩托罗拉	C257",2G,0,0,0,0,0,0,
35827200,"摩托罗拉	C118",2G,0,0,0,0,0,0,
35828501,天宇朗通,K-Touch,2G,0,0,0,0,0,0
35828801,天宇朗通,K-Touch,2G,0,0,0,0,0,0
35829301,大显,DX950,2G,0,0,0,0,0,0
35834501,波导,Bird D60,2G,0,0,0,0,0,0
35834902,大显,DX789,2G,0,0,0,0,0,0
35834902,大显,DX789,2G,0,0,0,0,0,0
35834902,大显,DX789,2G,0,0,0,0,0,0
35835000,波导,D670,2G,0,0,0,0,0,0
35838001,"知己迅联	ZJW699",2G,0,0,0,0,0,0,
35838001,"知己迅联	ZJW699",2G,0,0,0,0,0,0,
35838001,"知己迅联	ZJW699",2G,0,0,0,0,0,0,
35838001,"知己迅联	ZJW699",2G,0,0,0,0,0,0,
35838001,"知己迅联	ZJW699",2G,0,0,0,0,0,0,
35840702,贝尔丰,BF5600S,2G,0,0,0,0,0,0
35840702,贝尔丰,BF5600S,2G,0,0,0,0,0,0
35841102,高科时代,GK219,2G,0,0,0,0,0,0
35844501,大显,X398,2G,0,0,0,0,0,0
35845402,"屹东	HT788",2G,0,0,0,0,0,0,
35845402,"屹东	HT788",2G,0,0,0,0,0,0,
35845402,"屹东	HT788",2G,0,0,0,0,0,0,
35848002,金鹏,A6320,2G,0,0,0,0,0,0
35848302,雅讯达,A3860,2G,0,0,0,0,0,0
35850502,溢旭,B168,2G,0,0,0,0,0,0
35851001,长虹,Changhon,2G,0,0,0,0,0,0
35851101,长虹,Changhon,2G,0,0,0,0,0,0
35855301,康佳,蓝极星 K,2G,0,0,0,0,0,0
35857702,爱我,LM662,2G,0,0,0,0,0,0
35858602,国信通,GD628,2G,0,0,0,0,0,0
35859701,港利通,KPT P589,2G,0,0,0,0,0,0
35864701,诺基亚,6300,2G,0,0,0,0,0,0
35866101,诺基亚,N81,2G,0,0,0,0,0,0
35866101,诺基亚,N81,2G,0,0,0,0,0,0
35866201,诺基亚,1116,2G,0,0,0,0,0,0
35866801,诺基亚,6500,2G,0,0,0,0,0,0
35867301,诺基亚,5300,2G,0,0,0,0,0,0
35867301,诺基亚,5300,2G,0,0,0,0,0,0
35867402,国信通,GD688,2G,0,0,0,0,0,0
35867402,国信通,GD688,2G,0,0,0,0,0,0
35867402,国信通,GD688,2G,0,0,0,0,0,0
35868800,七喜,Z98A,2G,0,0,0,0,0,0
35868800,七喜,Z98A,2G,0,0,0,0,0,0
35869300,诺基亚,3120,2G,0,0,0,0,0,0
35869300,诺基亚,3120,2G,0,0,0,0,0,0
35872202,三星,C3310C,2G,0,0,0,0,0,0
35873200,中电,V8,2G,0,0,0,0,0,0
35875801,长虹,Changhon,2G,0,0,0,0,0,0
35876101,金鹏,S3518,2G,0,0,0,0,0,0
35876101,金鹏,S3518,2G,0,0,0,0,0,0
35876101,金鹏,S3518,2G,0,0,0,0,0,0
35876101,金鹏,S3518,2G,0,0,0,0,0,0
35876101,金鹏,S3518,2G,0,0,0,0,0,0
35876501,联想,Lenovo E,2G,0,0,0,0,0,0
35878000,天宇朗通,A699,2G,0,0,0,0,0,0
35878100,天宇朗通,B806,2G,0,0,0,0,0,0
35878800,天宇朗通,B808,2G,0,0,0,0,0,0
35879000,天宇朗通,A650,2G,0,0,0,0,0,0
35879000,天宇朗通,A650,2G,0,0,0,0,0,0
35879000,天宇朗通,A650,2G,0,0,0,0,0,0
35879000,天宇朗通,A650,2G,0,0,0,0,0,0
35879401,"摩托罗拉	A1200",2G,0,0,0,0,0,0,
35879401,"摩托罗拉	A1200",2G,0,0,0,0,0,0,
35879401,"摩托罗拉	A1200",2G,0,0,0,0,0,0,
35879401,"摩托罗拉	A1200",2G,0,0,0,0,0,0,
35879401,"摩托罗拉	A1200",2G,0,0,0,0,0,0,
35880900,诺基亚,2600,2G,0,0,0,0,0,0
35882401,"屹东	HT6198",2G,0,0,0,0,0,0,
35882401,"屹东	HT6198",2G,0,0,0,0,0,0,
35882601,"屹东	HT6628",2G,0,0,0,0,0,0,
35883400,诺基亚,6030,2G,0,0,0,0,0,0
35883500,诺基亚,6030,2G,0,0,0,0,0,0
35885000,诺基亚,6108,2G,0,0,0,0,0,0
35885900,TCL,TCL M310,2G,0,0,0,0,0,0
35887001,金鹏,S2020,2G,0,0,0,0,0,0
35887600,步步高,K039,2G,0,0,0,0,0,0
35888000,TCL,TCL M586,2G,0,0,0,0,0,0
35888700,新中桥,CB158,2G,0,0,0,0,0,0
35889102,"屹东	HT6038",2G,0,0,0,0,0,0,
35889901,亿城,YC106,2G,0,0,0,0,0,0
35890000,"摩托罗拉	V3",2G,0,0,0,0,0,0,
35890300,"摩托罗拉	V360i",2G,0,0,0,0,0,0,
35890302,天宇朗通,K-Touch,2G,0,0,0,0,0,0
35890302,天宇朗通,K-Touch,2G,0,0,0,0,0,0
35890302,天宇朗通,K-Touch,2G,0,0,0,0,0,0
35890302,天宇朗通,K-Touch,2G,0,0,0,0,0,0
35891000,"摩托罗拉	A1200e",2G,0,0,0,0,0,0,
35891000,"摩托罗拉	A1200e",2G,0,0,0,0,0,0,
35891000,"摩托罗拉	A1200e",2G,0,0,0,0,0,0,
35892801,"屹东	HT620",2G,0,0,0,0,0,0,
35895401,诺基亚,1200,2G,0,0,0,0,0,0
35895701,诺基亚,1200,2G,0,0,0,0,0,0
35897801,诺基亚,2630,2G,0,0,0,0,0,0
35898001,诺基亚,1600,2G,0,0,0,0,0,0
35898001,诺基亚,1600,2G,0,0,0,0,0,0
35898001,诺基亚,1600,2G,0,0,0,0,0,0
35898201,诺基亚,2610,2G,0,0,0,0,0,0
35900001,诺基亚,5611,2G,0,0,0,0,0,0
35901500,三星,SGH-D528,2G,0,0,0,0,0,0
35902002,高新奇,GXQ M18,2G,0,0,0,0,0,0
35902202,高新奇,GXQ E9,2G,0,0,0,0,0,0
35903601,金鹏,S1369,2G,0,0,0,0,0,0
35903801,金鹏,S1368,2G,0,0,0,0,0,0
35905501,天宇朗通,K-Touch,2G,0,0,0,0,0,0
35905701,邦讯,X3138,2G,0,0,0,0,0,0
35906000,三星,SGH-E368,2G,0,0,0,0,0,0
35906102,三星,GT-S6700,2G,0,0,0,0,0,0
35906801,高通,GT Q-518,2G,0,0,0,0,0,0
35908802,金鹏,A7893,2G,0,0,0,0,0,0
35909801,三星,SGH-M618,2G,0,0,0,0,0,0
35911402,诺基亚,6681,2G,0,0,0,0,0,0
35912702,三普,SZ200,2G,0,0,0,0,0,0
35913800,诺基亚,N70,2G,0,0,0,0,0,0
35914501,波导,Bird D78,2G,0,0,0,0,0,0
35915101,埃立特,FN8618,2G,0,0,0,0,0,0
35915101,埃立特,FN8618,2G,0,0,0,0,0,0
35915500,联想,E207,2G,0,0,0,0,0,0
35916302,港利通,KPT K626,2G,0,0,0,0,0,0
35917700,"摩托罗拉	V3",2G,0,0,0,0,0,0,
35917901,索尼爱立信,S500c,2G,0,0,0,0,0,0
35920900,索尼爱立信,J100c,2G,0,0,0,0,0,0
35924001,三星,SGH-E848,2G,0,0,0,0,0,0
35925002,大显,X4808,2G,0,0,0,0,0,0
35926902,万事通,MASTONE,2G,0,0,0,0,0,0
35927901,兆讯达,A771,2G,0,0,0,0,0,0
35930502,诺基亚,2630,2G,0,0,0,0,0,0
35931701,长虹,Changhon,2G,0,0,0,0,0,0
35934202,"嘉源	cayon V173",2G,0,0,0,0,0,0,
35935001,天宇朗通,K-Touch,2G,0,0,0,0,0,0
35935001,天宇朗通,K-Touch,2G,0,0,0,0,0,0
35935101,天宇朗通,K-Touch,2G,0,0,0,0,0,0
35935101,天宇朗通,K-Touch,2G,0,0,0,0,0,0
35935101,天宇朗通,K-Touch,2G,0,0,0,0,0,0
35935200,诺基亚,1100,2G,0,0,0,0,0,0
35935201,天宇朗通,K-Touch,2G,0,0,0,0,0,0
35935300,诺基亚,1600,2G,0,0,0,0,0,0
35935300,诺基亚,1600,2G,0,0,0,0,0,0
35935301,天宇朗通,K-Touch,2G,0,0,0,0,0,0
35935301,天宇朗通,K-Touch,2G,0,0,0,0,0,0
35938901,"屹东	HT6616",2G,0,0,0,0,0,0,
35939301,井冈山盛泰,CKING C2,2G,0,0,0,0,0,0
35940000,诺基亚,N72,2G,0,0,0,0,0,0
35940401,诺基亚,6681,2G,0,0,0,0,0,0
35941100,"摩托罗拉	V3i",2G,0,0,0,0,0,0,
35941700,"摩托罗拉	C139",2G,0,0,0,0,0,0,
35941901,金鹏,S3138,2G,0,0,0,0,0,0
35943100,联想,E307,2G,0,0,0,0,0,0
35943200,展讯,SM5100,2G,0,0,0,0,0,0
35944201,万事通,V980,2G,0,0,0,0,0,0
35944202,大显,D66,2G,0,0,0,0,0,0
35946001,三星,SGH-i728,2G,0,0,0,0,0,0
35947101,友信达,U636,2G,0,0,0,0,0,0
35948101,长虹,Changhon,2G,0,0,0,0,0,0
35949701,友利通,UNC-F582,2G,0,0,0,0,0,0
35952603,奥克斯,AUX M907,2G,0,0,0,0,0,0
35952801,诺基亚,1116,2G,0,0,0,0,0,0
35952801,诺基亚,1116,2G,0,0,0,0,0,0
35953001,诺基亚,1116,2G,0,0,0,0,0,0
35953101,诺基亚,1116,2G,0,0,0,0,0,0
35953202,港利通,COMOO K6,2G,0,0,0,0,0,0
35954301,诺基亚,1600,2G,0,0,0,0,0,0
35954301,诺基亚,1600,2G,0,0,0,0,0,0
35955801,诺基亚,6030,2G,0,0,0,0,0,0
35955801,诺基亚,6030,2G,0,0,0,0,0,0
35955801,诺基亚,6030,2G,0,0,0,0,0,0
35956301,诺基亚,1650,2G,0,0,0,0,0,0
35956301,诺基亚,1650,2G,0,0,0,0,0,0
35956301,诺基亚,1650,2G,0,0,0,0,0,0
35957001,诺基亚,N72,2G,0,0,0,0,0,0
35959900,LG,KG198,2G,0,0,0,0,0,0
35961702,大显,X502,2G,0,0,0,0,0,0
35961800,诺基亚,2610,2G,0,0,0,0,0,0
35963501,紫光海泰,M2018,2G,0,0,0,0,0,0
35963501,紫光海泰,M2018,2G,0,0,0,0,0,0
35965201,"金立	金立 H28",2G,0,0,0,0,0,0,
35965901,步步高,BBK i18,2G,0,0,0,0,0,0
35965901,步步高,BBK i18,2G,0,0,0,0,0,0
35966400,德赛,DESAY M3,2G,0,0,0,0,0,0
35966602,大显,X20000,2G,0,0,0,0,0,0
35966602,大显,X20000,2G,0,0,0,0,0,0
35969800,天时达,T37,2G,0,0,0,0,0,0
35971000,天宇朗通,B812,2G,0,0,0,0,0,0
35971101,"知己迅联	Z-AD988",2G,0,0,0,0,0,0,
35971101,"知己迅联	Z-AD988",2G,0,0,0,0,0,0,
35971101,"知己迅联	Z-AD988",2G,0,0,0,0,0,0,
35971101,"知己迅联	Z-AD988",2G,0,0,0,0,0,0,
35971101,"知己迅联	Z-AD988",2G,0,0,0,0,0,0,
35971101,"知己迅联	Z-AD988",2G,0,0,0,0,0,0,
35971101,"知己迅联	Z-AD988",2G,0,0,0,0,0,0,
35971101,"知己迅联	Z-AD988",2G,0,0,0,0,0,0,
35972901,康佳,蓝极星 J,2G,0,0,0,0,0,0
35973801,万事通,L6000,2G,0,0,0,0,0,0
35975002,金鹏,A1999,2G,0,0,0,0,0,0
35975800,诺基亚,6060,2G,0,0,0,0,0,0
35976000,诺基亚,1110,2G,0,0,0,0,0,0
35980200,"摩托罗拉	L6",2G,0,0,0,0,0,0,
35980702,金鹏,A2858,2G,0,0,0,0,0,0
35981302,"联创	LC900",2G,0,0,0,0,0,0,
35982102,波导,S711,2G,0,0,0,0,0,0
35982502,随州波导,HYUNDAI,2G,0,0,0,0,0,0
35982700,飞利浦,Philips,2G,0,0,0,0,0,0
35984300,三星,SGH-X468,2G,0,0,0,0,0,0
35984801,诺基亚,6500,2G,0,0,0,0,0,0
35987501,桑菲,SED A8,2G,0,0,0,0,0,0
35989902,金鹏,A7985,2G,0,0,0,0,0,0
35990502,天宇朗通,K-Touch,2G,0,0,0,0,0,0
35990701,天宇朗通,K-Touch,2G,0,0,0,0,0,0
35991801,特灵通,LT X5,2G,0,0,0,0,0,0
35994800,"振华	OBEE 638",2G,0,0,0,0,0,0,
35994800,"振华	OBEE 638",2G,0,0,0,0,0,0,
35994800,"振华	OBEE 638",2G,0,0,0,0,0,0,
44919235,西门子,3508i,2G,0,0,0,0,0,0
44928130,天时达,T360,2G,0,0,0,0,0,0
86204000,中宝,CBT-V990,2G,0,0,0,0,0,0
86207300,"振华	OBEE 609",2G,0,0,0,0,0,0,
86214000,大显,X30000,2G,0,0,0,0,0,0
86215500,大显,X4818,2G,0,0,0,0,0,0
86216700,大显,D258,2G,0,0,0,0,0,0
86216700,大显,D258,2G,0,0,0,0,0,0
86217500,联想,Lenovo A,2G,0,0,0,0,0,0
86217700,"知己迅联	ZJS638",2G,0,0,0,0,0,0,
86217700,"知己迅联	ZJS638",2G,0,0,0,0,0,0,
86219400,"知己迅联	ZJ389",2G,0,0,0,0,0,0,
86220100,港利通,KPT K578,2G,0,0,0,0,0,0
86221400,诺基亚,6681,2G,0,0,0,0,0,0
86222700,天宇朗通,K-Touch,2G,0,0,0,0,0,0
86225100,"知己迅联	ZJ189",2G,0,0,0,0,0,0,
86225100,"知己迅联	ZJ189",2G,0,0,0,0,0,0,
86227500,步步高,BBK i530,2G,0,0,0,0,0,0
86228200,步步高,BBK i266,2G,0,0,0,0,0,0
86232000,"知己迅联	ZJW288",2G,0,0,0,0,0,0,
86232000,"知己迅联	ZJW288",2G,0,0,0,0,0,0,
86232400,"知己迅联	ZJS698",2G,0,0,0,0,0,0,
86232600,大显,A2698,2G,0,0,0,0,0,0
86234400,联想,Lenovo A,2G,0,0,0,0,0,0
86238600,"知己迅联	ZJD777",2G,0,0,0,0,0,0,
86240200,港利通,KPT K699,2G,0,0,0,0,0,0
86241400,大显,X4828,2G,0,0,0,0,0,0
86248200,"知己迅联	ZJ800",2G,0,0,0,0,0,0,
86248200,"知己迅联	ZJ800",2G,0,0,0,0,0,0,
86248900,天宇朗通,K-Touch,2G,0,0,0,0,0,0
86250200,联想,Lenovo E,2G,0,0,0,0,0,0
86257900,万利达,MALATA K,2G,0,0,0,0,0,0
86265000,雅讯达,SMT801,2G,0,0,0,0,0,0
86265000,雅讯达,SMT801,2G,0,0,0,0,0,0
86271900,达智,COMIO S6,2G,0,0,0,0,0,0
86274800,盛联丰,UC218,2G,0,0,0,0,0,0
86277200,网讯,NET V88,2G,0,0,0,0,0,0
86280000,"知己迅联	ZJ139",2G,0,0,0,0,0,0,
86281500,迪斯卡威,DK512,2G,0,0,0,0,0,0
86289700,大显,DX C199,2G,0,0,0,0,0,0
86294800,"世纪伟业	TETC-D1",2G,0,0,0,0,0,0,
86295300,埃立特,FN698,2G,0,0,0,0,0,0
86296200,"知己迅联	Z3188",2G,0,0,0,0,0,0,
86296200,"知己迅联	Z3188",2G,0,0,0,0,0,0,
86299300,港利通,KPT KC56,2G,0,0,0,0,0,0
86300000,沃凯泰,OKTEL T1,2G,0,0,0,0,0,0
86300700,"知己迅联	ZJR658",2G,0,0,0,0,0,0,
86301000,欧博信,OPSSON A,2G,0,0,0,0,0,0
86302700,美盛通,M289,2G,0,0,0,0,0,0
86303300,盈烨创新,WKING S6,2G,0,0,0,0,0,0
86305600,"知己迅联	Z8388",2G,0,0,0,0,0,0,
86305600,"知己迅联	Z8388",2G,0,0,0,0,0,0,
86305600,"知己迅联	Z8388",2G,0,0,0,0,0,0,
86305600,"知己迅联	Z8388",2G,0,0,0,0,0,0,
86305600,"知己迅联	Z8388",2G,0,0,0,0,0,0,
86305600,"知己迅联	Z8388",2G,0,0,0,0,0,0,
86305600,"知己迅联	Z8388",2G,0,0,0,0,0,0,
86305600,"知己迅联	Z8388",2G,0,0,0,0,0,0,
86308100,大显,X70000,2G,0,0,0,0,0,0
86309300,"知己迅联	ZJ886",2G,0,0,0,0,0,0,
86311400,随州波导,SHMA L78,2G,0,0,0,0,0,0
86314600,宇阳,EY E90,2G,0,0,0,0,0,0
86317800,"知己迅联	ZJ866",2G,0,0,0,0,0,0,
86319200,联想,Lenovo i,2G,0,0,0,0,0,0
86320600,大显,T810,2G,0,0,0,0,0,0
86325200,"知己迅联	Z8898",2G,0,0,0,0,0,0,
86325200,"知己迅联	Z8898",2G,0,0,0,0,0,0,
86325200,"知己迅联	Z8898",2G,0,0,0,0,0,0,
86325200,"知己迅联	Z8898",2G,0,0,0,0,0,0,
86328000,"知己迅联	Z6888",2G,0,0,0,0,0,0,
86328000,"知己迅联	Z6888",2G,0,0,0,0,0,0,
86328000,"知己迅联	Z6888",2G,0,0,0,0,0,0,
86328900,大显,QXH666,2G,0,0,0,0,0,0
86338400,"华森	Best sonny",2G,0,0,0,0,0,0,
86339100,"知己迅联	ZJH006",2G,0,0,0,0,0,0,
86339900,"知己迅联	Z9619",2G,0,0,0,0,0,0,
86340100,大显,C005,2G,0,0,0,0,0,0
86345700,"知己迅联	ZJ366",2G,0,0,0,0,0,0,
86348200,闻讯,callbar,2G,0,0,0,0,0,0
86348600,旺富通,X006,2G,0,0,0,0,0,0
86348600,旺富通,X006,2G,0,0,0,0,0,0
86349400,"知己迅联	ZJ598",2G,0,0,0,0,0,0,
86350100,"知己迅联	ZJ665",2G,0,0,0,0,0,0,
86353600,大显,DX8816,2G,0,0,0,0,0,0
86005500,宇龙,Coolpad,3G,0,0,0,0,0,0
86010600,中兴,ZTE-T U2,3G,0,0,0,0,0,0
86013900,三星,GT-I6320,3G,0,0,0,0,0,0
86014000,三星,GT-S5630,3G,0,0,0,0,0,0
86014300,三星,GT-S3930,3G,0,0,0,0,0,0
86019900,宇龙,CoolPad,3G,0,0,0,0,0,0
86901300,中兴,U110,3G,0,0,0,0,0,0
